<?xml version="1.0" encoding="UTF-8"?>
<project-private xmlns="http://www.netbeans.org/ns/project-private/1">
    <editor-bookmarks xmlns="http://www.netbeans.org/ns/editor-bookmarks/2" lastBookmarkId="3">
        <file>
            <url>src/java/entity/AccessoriesFacade.java</url>
            <bookmark id="1">
                <name/>
                <line>35</line>
                <key/>
            </bookmark>
        </file>
        <file>
            <url>src/java/entity/FoodsFacade.java</url>
            <bookmark id="2">
                <name/>
                <line>51</line>
                <key/>
            </bookmark>
        </file>
        <file>
            <url>src/java/entity/OrdersFacade.java</url>
            <bookmark id="3">
                <name/>
                <line>34</line>
                <key/>
            </bookmark>
        </file>
    </editor-bookmarks>
    <open-files xmlns="http://www.netbeans.org/ns/projectui-open-files/2">
        <group>
            <file>file:/D:/Sem4/Project/Project_HKIV_PetShop/web/Admin/order/orderList.jsp</file>
            <file>file:/D:/Sem4/Project/Project_HKIV_PetShop/src/java/entity/Pethotel.java</file>
            <file>file:/D:/Sem4/Project/Project_HKIV_PetShop/src/java/entity/Pets.java</file>
            <file>file:/D:/Sem4/Project/Project_HKIV_PetShop/setup/glassfish-resources.xml</file>
            <file>file:/D:/Sem4/Project/Project_HKIV_PetShop/src/java/entity/Orders.java</file>
            <file>file:/D:/Sem4/Project/Project_HKIV_PetShop/src/java/entity/Accessories.java</file>
            <file>file:/D:/Sem4/Project/Project_HKIV_PetShop/src/java/controller/oderController.java</file>
            <file>file:/D:/Sem4/Project/Project_HKIV_PetShop/src/conf/persistence.xml</file>
        </group>
    </open-files>
</project-private>
